company,salary
XORIANT,"ΓΆΒ‚ΒΉ657,673/yr"
3I INFOTECH,"ΓΆΒ‚ΒΉ382,116/yr"
QUINNOX,"ΓΆΒ‚ΒΉ446,973/yr"
CGI,"ΓΆΒ‚ΒΉ495,677/yr"
INDUS VALLEY PARTNERS,"ΓΆΒ‚ΒΉ788,735/yr"
VISTAAR TECHNOLOGIES,"ΓΆΒ‚ΒΉ516,757/yr"
IGATE,"ΓΆΒ‚ΒΉ29,996/mo"
DIEBOLD NIXDORF,"ΓΆΒ‚ΒΉ712,678/yr"
HEXAWARE TECHNOLOGIES,"ΓΆΒ‚ΒΉ30,641/mo"
GOLDENSOURCE CORPORATION,"ΓΆΒ‚ΒΉ534,819/yr"
MAQ SOFTWARE,"ΓΆΒ‚ΒΉ760,901/yr"
AURIONPRO SOLUTIONS,"ΓΆΒ‚ΒΉ474,548/yr"
DIRECTI,"ΓΆΒ‚ΒΉ1,656,475/yr"
ROLTA,"ΓΆΒ‚ΒΉ669,818/yr"
FINANCIAL SOFTWARE & SYSTEMS,"ΓΆΒ‚ΒΉ329,799/yr"
ZEUS LEARNING PVT. LTD,"ΓΆΒ‚ΒΉ33,993/mo"
ATOS,"ΓΆΒ‚ΒΉ25,600/mo"
L&T TECHNOLOGY SERVICES,"ΓΆΒ‚ΒΉ502,364/yr"
NESS TECHNOLOGIES,"ΓΆΒ‚ΒΉ556,324/yr"
MPHASIS,"ΓΆΒ‚ΒΉ710,194/yr"
INFIBEAM.COM,"ΓΆΒ‚ΒΉ659,610/yr"
J.P. MORGAN,"ΓΆΒ‚ΒΉ1,062,429/yr"
WIPRO,"ΓΆΒ‚ΒΉ482,653/yr"
ETP INTERNATIONAL,"ΓΆΒ‚ΒΉ403,306/yr"
PARAMATRIX TECHNOLOGIES,"ΓΆΒ‚ΒΉ395,842/yr"
NEOSOFT TECHNOLOGIES,"ΓΆΒ‚ΒΉ482,921/yr"
INFOSYS,"ΓΆΒ‚ΒΉ470,498/yr"
RAVE TECHNOLOGIES,"ΓΆΒ‚ΒΉ636,636/yr"
INFOGAIN,"ΓΆΒ‚ΒΉ415,614/yr"
CARWALE,"ΓΆΒ‚ΒΉ664,982/yr"
SMARTSTREAM TECHNOLOGIES,"ΓΆΒ‚ΒΉ996,753/yr"
REDIFF.COM,"ΓΆΒ‚ΒΉ795,108/yr"
HOUSING.COM,"ΓΆΒ‚ΒΉ1,706,825/yr"
NUCSOFT,"ΓΆΒ‚ΒΉ225,812/yr"
TECH MAHINDRA,"ΓΆΒ‚ΒΉ29,854/mo"
MAJESCO,"ΓΆΒ‚ΒΉ485,992/yr"
NEWGEN SOFTWARE,"ΓΆΒ‚ΒΉ432,807/yr"
GE,"ΓΆΒ‚ΒΉ708,060/yr"
JIO,"ΓΆΒ‚ΒΉ526,728/yr"
GEP,"ΓΆΒ‚ΒΉ734,589/yr"
ATOS-SYNTEL,"ΓΆΒ‚ΒΉ30,651/mo"
JUSTDIAL,"ΓΆΒ‚ΒΉ464,647/yr"
ORACLE,"ΓΆΒ‚ΒΉ753,646/yr"
BLUE STAR INFOTECH,"ΓΆΒ‚ΒΉ424,246/yr"
LARSEN & TOUBRO,"ΓΆΒ‚ΒΉ485,375/yr"
BROWSERSTACK,"ΓΆΒ‚ΒΉ1,644,642/yr"
TINYOWL TECHNOLOGY,"ΓΆΒ‚ΒΉ1,384,961/yr"
MORGAN STANLEY,"ΓΆΒ‚ΒΉ1,764,982/yr"
INGRAM MICRO,"ΓΆΒ‚ΒΉ515,321/yr"
TATA POWER SED,"ΓΆΒ‚ΒΉ437,428/yr"
TCS,"ΓΆΒ‚ΒΉ363,745/yr"
ZYCUS,"ΓΆΒ‚ΒΉ41,812/mo"
CLOVER INFOTECH,"ΓΆΒ‚ΒΉ17,444/mo"
COGNIZANT TECHNOLOGY SOLUTIONS,"ΓΆΒ‚ΒΉ504,272/yr"
CROWDFIRE,"ΓΆΒ‚ΒΉ1,630,692/yr"
JLT GROUP,"ΓΆΒ‚ΒΉ583,059/yr"
DOYEN INFOSOLUTIONS,"ΓΆΒ‚ΒΉ425,425/yr"
GERMINAIT SOLUTIONS,"ΓΆΒ‚ΒΉ661,179/yr"
63 MOONS TECHNOLOGIES,"ΓΆΒ‚ΒΉ422,205/yr"
FINICITY,"ΓΆΒ‚ΒΉ380,604/yr"
SECLORE TECHNOLOGY,"ΓΆΒ‚ΒΉ639,311/yr"
VERIXO TECHNOLOGIES,"ΓΆΒ‚ΒΉ216,692/yr"
WEB ACCESS,"ΓΆΒ‚ΒΉ21,851/mo"
IBM,"ΓΆΒ‚ΒΉ374,779/yr"
NELITO SYSTEM,"ΓΆΒ‚ΒΉ27,909/mo"
CMSS PRIVATE LIMITED,"ΓΆΒ‚ΒΉ14,130/mo"
NEEBAL TECHNOLOGIES,"ΓΆΒ‚ΒΉ560,963/yr"
LIONBRIDGE,"ΓΆΒ‚ΒΉ441,092/yr"
GOOGLE,"ΓΆΒ‚ΒΉ44,037/mo"
CREDR,"ΓΆΒ‚ΒΉ913,010/yr"
BNP PARIBAS,"ΓΆΒ‚ΒΉ53,484/mo"
CRISIL,"ΓΆΒ‚ΒΉ883,298/yr"
SYNERGY TECHNOLOGY SERVICES,"ΓΆΒ‚ΒΉ274,553/yr"
INSCRIPTS,"ΓΆΒ‚ΒΉ22,657/mo"
INTELLISWIFT,"ΓΆΒ‚ΒΉ15,516/mo"
HERE TECHNOLOGIES,"ΓΆΒ‚ΒΉ831,227/yr"
MASTEK,"ΓΆΒ‚ΒΉ38,791/mo"
GREYTRIX,"ΓΆΒ‚ΒΉ25,741/mo"
HCL TECHNOLOGIES,"ΓΆΒ‚ΒΉ305,980/yr"
FINANCIAL TECHNOLOGY INDIA,"ΓΆΒ‚ΒΉ33,613/mo"
GRACENOTE,"ΓΆΒ‚ΒΉ670,028/yr"
RUBIQUE,"ΓΆΒ‚ΒΉ901,680/yr"
EMBER TECHNOLOGIES,"ΓΆΒ‚ΒΉ306,086/yr"
TEJORA TECHNOLOGIES,"ΓΆΒ‚ΒΉ544,552/yr"
ACE SOFTWARE SOLUTIONS,"ΓΆΒ‚ΒΉ675,000/yr"
SOFT.COM,"ΓΆΒ‚ΒΉ21,638/mo"
VIRAL TECHNOLOGIES,"ΓΆΒ‚ΒΉ32,308/mo"
GEODESIC,"ΓΆΒ‚ΒΉ530,541/yr"
BRAINVIRE INFOTECH,"ΓΆΒ‚ΒΉ33,260/mo"
TOPPR.COM,"ΓΆΒ‚ΒΉ1,001,186/yr"
ECLERX,"ΓΆΒ‚ΒΉ395,431/yr"
IRIS BUSINESS SERVICES LIMITED,"ΓΆΒ‚ΒΉ376,900/yr"
IIT BOMBAY,"ΓΆΒ‚ΒΉ37,144/mo"
KPIT TECHNOLOGIES,"ΓΆΒ‚ΒΉ45,290/mo"
HOPSCOTCH (INDIA),"ΓΆΒ‚ΒΉ1,045,928/yr"
ZOOTY,"ΓΆΒ‚ΒΉ1,288,965/yr"
CAPGEMINI INVENT,"ΓΆΒ‚ΒΉ361,099/yr"
TRAVELEX,"ΓΆΒ‚ΒΉ770,711/yr"
LEARNINGMATE SOLUTIONS,"ΓΆΒ‚ΒΉ59,207/mo"
CALYPSO TECHNOLOGY,"ΓΆΒ‚ΒΉ1,202,798/yr"
GILBARCO VEEDER-ROOT,"ΓΆΒ‚ΒΉ517,416/yr"
NSETECH,"ΓΆΒ‚ΒΉ855,947/yr"
RELIANCE INDUSTRIES,"ΓΆΒ‚ΒΉ500,000/yr"
BANK OF AMERICA,"ΓΆΒ‚ΒΉ797,402/yr"
V2 SOLUTIONS,"ΓΆΒ‚ΒΉ273,148/yr"
EDCAST,"ΓΆΒ‚ΒΉ662,956/yr"
DIRECTION SOFTWARE SOLUTIONS,"ΓΆΒ‚ΒΉ43,857/mo"
INFRASOFT TECHNOLOGIES,"ΓΆΒ‚ΒΉ415,614/yr"
CBT INFOTECH PVT.,"ΓΆΒ‚ΒΉ27,708/mo"
CRAFTSVILLA.COM,"ΓΆΒ‚ΒΉ837,273/yr"
TSS CONSULTANCY,"ΓΆΒ‚ΒΉ446,159/yr"
QAD,"ΓΆΒ‚ΒΉ886,642/yr"
ABC,"ΓΆΒ‚ΒΉ26,742/mo"
COUPONDUNIA,"ΓΆΒ‚ΒΉ913,010/yr"
CEX WEBUY ENTERTAINMENT,"ΓΆΒ‚ΒΉ561,585/yr"
NCR,"ΓΆΒ‚ΒΉ1,371,478/yr"
TECHPROCESS PAYMENT SERVICES,"ΓΆΒ‚ΒΉ332,491/yr"
MOBILEUM,"ΓΆΒ‚ΒΉ385,356/yr"
DELOITTE,"ΓΆΒ‚ΒΉ741,821/yr"
POLARIS FT,"ΓΆΒ‚ΒΉ349,115/yr"
PRAXIS INTERACTIVE TECHNOLOGIES,"ΓΆΒ‚ΒΉ748,780/yr"
OSP LABS,"ΓΆΒ‚ΒΉ331,295/yr"
TRIGYN TECHNOLOGIES,"ΓΆΒ‚ΒΉ462,427/yr"
CIMPRESS,"ΓΆΒ‚ΒΉ861,754/yr"
LRN,"ΓΆΒ‚ΒΉ1,004,727/yr"
PATNI COMPUTER SYSTEMS,"ΓΆΒ‚ΒΉ27,614/mo"
MEDIA.NET,"ΓΆΒ‚ΒΉ1,385,379/yr"
SAINT-GOBAIN,"ΓΆΒ‚ΒΉ574,906/yr"
LOYLTY REWARDZ MNGT,"ΓΆΒ‚ΒΉ554,151/yr"
VE,"ΓΆΒ‚ΒΉ309,580/yr"
KIPROSH,"ΓΆΒ‚ΒΉ695,296/yr"
3DPLM SOFTWARE SOLUTION,"ΓΆΒ‚ΒΉ599,024/yr"
EURONET,"ΓΆΒ‚ΒΉ436,788/yr"
INDUS OS,"ΓΆΒ‚ΒΉ1,766,906/yr"
GEOMETRIC SOFTWARE SOLUTIONS,"ΓΆΒ‚ΒΉ737,980/yr"
SAAVN,"ΓΆΒ‚ΒΉ1,379,435/yr"
MILES SOFTWARE,"ΓΆΒ‚ΒΉ346,240/yr"
BOOKMYSHOW,"ΓΆΒ‚ΒΉ652,677/yr"
APAR TECHNOLOGIES,"ΓΆΒ‚ΒΉ22,409/mo"
SPHERE INFO SOLUTIONS,"ΓΆΒ‚ΒΉ19,254/mo"
PALADION,"ΓΆΒ‚ΒΉ22,508/mo"
AON HEWITT,"ΓΆΒ‚ΒΉ640,162/yr"
E-EMPHASYS TECHNOLOGIES,"ΓΆΒ‚ΒΉ764,729/yr"
VISIBLE ALPHA SOLUTIONS,"ΓΆΒ‚ΒΉ1,059,001/yr"
APPSDAILY,"ΓΆΒ‚ΒΉ1,279,385/yr"
TATA CONSULTANCY SERVICES,"ΓΆΒ‚ΒΉ363,632/yr"
SMS GUPSHUP,"ΓΆΒ‚ΒΉ965,156/yr"
SABA SOFTWARE,"ΓΆΒ‚ΒΉ745,992/yr"
SHOP101,"ΓΆΒ‚ΒΉ1,715,653/yr"
FUTURE FOCUS INFOTECH,"ΓΆΒ‚ΒΉ418,636/yr"
MU SIGMA,"ΓΆΒ‚ΒΉ709,027/yr"
ECLINICALWORKS,"ΓΆΒ‚ΒΉ343,078/yr"
STRIX SYSTEMS,"ΓΆΒ‚ΒΉ26,928/mo"
ANONYMOUS CONTENT,"ΓΆΒ‚ΒΉ24,096/mo"
LOUDCLOUD,"ΓΆΒ‚ΒΉ770,727/yr"
EASTERN SOFTWARE SYSTEMS,"ΓΆΒ‚ΒΉ16,974/mo"
CREATIVE IT INDIA,"ΓΆΒ‚ΒΉ681,725/yr"
CYBAGE SOFTWARE,"ΓΆΒ‚ΒΉ597,715/yr"
VALUEFY SOLUTIONS,"ΓΆΒ‚ΒΉ719,244/yr"
ANMSOFT,"ΓΆΒ‚ΒΉ10,927/mo"
MACTORES,"ΓΆΒ‚ΒΉ723,218/yr"
AUTOPLANT,"ΓΆΒ‚ΒΉ426,995/yr"
ICICI BANK,"ΓΆΒ‚ΒΉ326,028/yr"
SOFTWARE RESEARCH GROUP,"ΓΆΒ‚ΒΉ132,597/mo"
INTELLECT DESIGN ARENA,"ΓΆΒ‚ΒΉ426,394/yr"
AVEKSHAA TECHNOLOGIES,"ΓΆΒ‚ΒΉ377,189/yr"
DXC TECHNOLOGY,"ΓΆΒ‚ΒΉ15,083/mo"
SKILLNET SOLUTIONS,"ΓΆΒ‚ΒΉ309,292/yr"
VPHRASE,"ΓΆΒ‚ΒΉ348,289/yr"
PRAGITI,"ΓΆΒ‚ΒΉ501,863/yr"
M & R CONSULTANTS CORPORATION.,"ΓΆΒ‚ΒΉ373,041/yr"
RANCORE TECHNOLOGIES,"ΓΆΒ‚ΒΉ314,713/yr"
C2L BIZ,"ΓΆΒ‚ΒΉ27,529/mo"
IN-SOLUTIONS GLOBAL,"ΓΆΒ‚ΒΉ399,489/yr"
WNS,"ΓΆΒ‚ΒΉ409,027/yr"
COGOPORT,"ΓΆΒ‚ΒΉ980,241/yr"
WEBENGAGE,"ΓΆΒ‚ΒΉ696,522/yr"
ONMOBILE,"ΓΆΒ‚ΒΉ706,665/yr"
VIRTUSA,"ΓΆΒ‚ΒΉ28,831/mo"
WISDMLABS,"ΓΆΒ‚ΒΉ470,358/yr"
ENDURANCE INTERNATIONAL GROUP,"ΓΆΒ‚ΒΉ1,724,538/yr"
AMDOCS,"ΓΆΒ‚ΒΉ771,234/yr"
XL DYNAMICS,"ΓΆΒ‚ΒΉ683,094/yr"
CENVEO,"ΓΆΒ‚ΒΉ284,479/yr"
IDBI INTECH,"ΓΆΒ‚ΒΉ384,639/yr"
ONETURE TECHNOLOGIES,"ΓΆΒ‚ΒΉ439,605/yr"
TRICOM,"ΓΆΒ‚ΒΉ223,565/yr"
GEOMETRIC,"ΓΆΒ‚ΒΉ547,689/yr"
AUM INSURANCE BROKERS,"ΓΆΒ‚ΒΉ237,085/yr"
ROVI,"ΓΆΒ‚ΒΉ1,508,497/yr"
NEXSTEP INFOTECH,"ΓΆΒ‚ΒΉ25,251/mo"
THIRDWARE SOLUTION,"ΓΆΒ‚ΒΉ443,055/yr"
SIEMENS,"ΓΆΒ‚ΒΉ495,501/yr"
ZENSAR TECHNOLOGIES,"ΓΆΒ‚ΒΉ482,579/yr"
VNNOGILE,"ΓΆΒ‚ΒΉ12,627/mo"
HEWLETT-PACKARD,"ΓΆΒ‚ΒΉ1,114,263/yr"
RAYTHEON,"ΓΆΒ‚ΒΉ437,076/yr"
ESFERA & ASTER SOLUTIONS,"ΓΆΒ‚ΒΉ264,800/yr"
LIQUIDHUB,"ΓΆΒ‚ΒΉ582,901/yr"
ENHANCED SOFTWARE SOLUTIONS PVT.,"ΓΆΒ‚ΒΉ61,624/mo"
ACCION LABS,"ΓΆΒ‚ΒΉ620,870/yr"
NETWORK 18,"ΓΆΒ‚ΒΉ55,083/mo"
NEURAL IT,"ΓΆΒ‚ΒΉ16,824/mo"
OCTASHOP ERETAIL SERVICES,"ΓΆΒ‚ΒΉ11,064/mo"
ORION SYSTEMS INTEGRATORS,"ΓΆΒ‚ΒΉ1,094,582/yr"
DATAMATICS GLOBAL SERVICES,"ΓΆΒ‚ΒΉ34,249/mo"
BILLDESK,"ΓΆΒ‚ΒΉ453,175/yr"
CAPITA,"ΓΆΒ‚ΒΉ433,293/yr"
NUCLEUS SOFTWARE EXPORTS,"ΓΆΒ‚ΒΉ583,729/yr"
ZENITH SYSTEM SOLUTIONS,"ΓΆΒ‚ΒΉ579,967/yr"
FINO,"ΓΆΒ‚ΒΉ386,870/yr"
INFIBEAM,"ΓΆΒ‚ΒΉ643,497/yr"
CYBERTECH SYSTEMS,"ΓΆΒ‚ΒΉ603,441/yr"
CMC,"ΓΆΒ‚ΒΉ180,514/yr"
YES,"ΓΆΒ‚ΒΉ33,802/mo"
HEPTANESIA,"ΓΆΒ‚ΒΉ10,433/mo"
OPPORTUNE TECHNOLOGIES,"ΓΆΒ‚ΒΉ30,235/mo"
ZEDO,"ΓΆΒ‚ΒΉ603,875/yr"
XYZ (TURKEY),"ΓΆΒ‚ΒΉ16,267/mo"
HURIX,"ΓΆΒ‚ΒΉ426,923/yr"
TRIMAX,"ΓΆΒ‚ΒΉ285,649/yr"
ABRIGO,"ΓΆΒ‚ΒΉ626,972/yr"
THE ANNET GROUP,"ΓΆΒ‚ΒΉ528,085/yr"
CITIUSTECH,"ΓΆΒ‚ΒΉ62,577/mo"
QUANTIPHI,"ΓΆΒ‚ΒΉ892,379/yr"
INFINITE COMPUTING SYSTEMS,"ΓΆΒ‚ΒΉ19,375/mo"
ALEPO USA,"ΓΆΒ‚ΒΉ509,819/yr"
ICLARITY IT SERVICES,"ΓΆΒ‚ΒΉ15,382/mo"
EXCEL SOFTWARE & SYSTEMS,"ΓΆΒ‚ΒΉ25,806/mo"
REBEL FOODS (FORMERLY FAASOS),"ΓΆΒ‚ΒΉ963,319/yr"
ADAPTY,"ΓΆΒ‚ΒΉ520,474/yr"
LOGIXAL SOLUTIONS,"ΓΆΒ‚ΒΉ682,737/yr"
MIRRAW,"ΓΆΒ‚ΒΉ30,914/mo"
ZENITH INFOTECH,"ΓΆΒ‚ΒΉ621,632/yr"
TIS INTERNATIONAL,"ΓΆΒ‚ΒΉ372,586/yr"
MAJESCOMASTEK,"ΓΆΒ‚ΒΉ522,472/yr"
CMS IT SERVICES,"ΓΆΒ‚ΒΉ439,440/yr"
HARJAI COMPUTERS,"ΓΆΒ‚ΒΉ26,056/mo"
TATA,"ΓΆΒ‚ΒΉ444,286/yr"
NIRMAL BANG,"ΓΆΒ‚ΒΉ332,915/yr"
EXA,"ΓΆΒ‚ΒΉ532,804/yr"
AMBAB INFOTECH,"ΓΆΒ‚ΒΉ339,316/yr"
V K VENTURE,"ΓΆΒ‚ΒΉ66,296/mo"
NAAPTOL,"ΓΆΒ‚ΒΉ14,115/mo"
CROMPTON GREAVES,"ΓΆΒ‚ΒΉ95,866/yr"
ANUPAM MITTAL,"ΓΆΒ‚ΒΉ590,384/yr"
TICKERPLANT,"ΓΆΒ‚ΒΉ35,287/mo"
NVIDIA,"ΓΆΒ‚ΒΉ249,593/mo"
NEWGEN,"ΓΆΒ‚ΒΉ22,327/mo"
MOOFWD,"ΓΆΒ‚ΒΉ32,935/mo"
SARJAK CONTAINER LINES,"ΓΆΒ‚ΒΉ440,538/yr"
GE OIL & GAS,"ΓΆΒ‚ΒΉ1,326,678/yr"
SOFTLINK GLOBAL,"ΓΆΒ‚ΒΉ548,214/yr"
SCANIA,"ΓΆΒ‚ΒΉ43,857/mo"
I2 TECHNOLOGIES,"ΓΆΒ‚ΒΉ758,876/yr"
PEOPLE PRIME WORLDWIDE,"ΓΆΒ‚ΒΉ1,123,170/yr"
WERA FOOD TECHNOLOGY,"ΓΆΒ‚ΒΉ554,151/yr"
KONVERGE TECHNOLOGIES,"ΓΆΒ‚ΒΉ331,295/yr"
FACEBOOK,"ΓΆΒ‚ΒΉ43,857/mo"
SAMCOM TECHNOBRAINS,"ΓΆΒ‚ΒΉ53,484/mo"
LAHEY HEALTH BEHAVIORAL SERVICES,"ΓΆΒ‚ΒΉ813,245/yr"
ANTFARM (INDIA),"ΓΆΒ‚ΒΉ110,432/yr"
SELEC,"ΓΆΒ‚ΒΉ11,083/mo"
NET CONNECT,"ΓΆΒ‚ΒΉ224,634/yr"
TATA INSTITUTE OF SOCIAL SCIENCES,"ΓΆΒ‚ΒΉ385,087/yr"
CIRRIUS,"ΓΆΒ‚ΒΉ421,993/yr"
ITD CEMENTATION INDIA,"ΓΆΒ‚ΒΉ300,000/yr"
JUST COMPILE,"ΓΆΒ‚ΒΉ15,000/mo"
91STREETS MEDIA TECHNOLOGIES,"ΓΆΒ‚ΒΉ1,925,435/yr"
ICONNECT (VIRGINIA),"ΓΆΒ‚ΒΉ230,827/yr"
INSPEERO TECHNOLOGIES,"ΓΆΒ‚ΒΉ226,210/yr"
DONGRE TECHNOQUIP,"ΓΆΒ‚ΒΉ28,712/mo"
DONGSEO UNIVERSITY,"ΓΆΒ‚ΒΉ352,873/yr"
BSMART TECHNOLOGY,"ΓΆΒ‚ΒΉ631,687/yr"
HEADY,"ΓΆΒ‚ΒΉ28,703/mo"
TRIUMPHSYS,"ΓΆΒ‚ΒΉ33,225/mo"
NOMURA HOLDINGS,"ΓΆΒ‚ΒΉ1,055,820/yr"
ATCS,"ΓΆΒ‚ΒΉ17,179/mo"
WALT DISNEY COMPANY,"ΓΆΒ‚ΒΉ35,019/mo"
CERNER,"ΓΆΒ‚ΒΉ700,000/yr"
VULCAN INFOTECH,"ΓΆΒ‚ΒΉ13,798/mo"
ASHISH THAKUR,"ΓΆΒ‚ΒΉ443,321/yr"
ADFACTORS PR,"ΓΆΒ‚ΒΉ443,093/yr"
VERIZON,"ΓΆΒ‚ΒΉ41,169/mo"
KALPAVRUKSH SYSTEMS,"ΓΆΒ‚ΒΉ40,395/mo"
CRMNEXT,"ΓΆΒ‚ΒΉ554,151/yr"
ORIENT TECHNOLOGIES,"ΓΆΒ‚ΒΉ26,282/mo"
SECTECH,"ΓΆΒ‚ΒΉ34,238/mo"
LOGWIN,"ΓΆΒ‚ΒΉ203,311/yr"
DESS TECHNOLOGIES,"ΓΆΒ‚ΒΉ118,801/yr"
CRYSTALITE TECHNOLOGIES,"ΓΆΒ‚ΒΉ23,676/mo"
INTELLECAP,"ΓΆΒ‚ΒΉ531,346/yr"
PROSARES SOLUTIONS,"ΓΆΒ‚ΒΉ493,393/yr"
ACTIV EIGHT DIMENSIONS,"ΓΆΒ‚ΒΉ24,701/mo"
BITSTREET TECHNOLOGIES,"ΓΆΒ‚ΒΉ349,010/yr"
SANVIK COMPUTER CONSULTANTS,"ΓΆΒ‚ΒΉ55,818/mo"
EM,"ΓΆΒ‚ΒΉ27,608/mo"
PIPELINE SOFTWARE,"ΓΆΒ‚ΒΉ140,035/yr"
DRISHTI SOFT SOLUTIONS,"ΓΆΒ‚ΒΉ355,795/yr"
NETREACH ASIA,"ΓΆΒ‚ΒΉ441,246/yr"
ADITI,"ΓΆΒ‚ΒΉ37,439/mo"
PLEXITECH TECHNOLOGIES,"ΓΆΒ‚ΒΉ119,065/yr"
FAROOK,"ΓΆΒ‚ΒΉ40,395/mo"
MINDCRAFT SOFTWARE,"ΓΆΒ‚ΒΉ644,056/yr"
GE DIGITAL,"ΓΆΒ‚ΒΉ1,062,283/yr"
PROFESSIONAL ACCESS,"ΓΆΒ‚ΒΉ419,726/yr"
SHRIRAM VALUE SERVICES,"ΓΆΒ‚ΒΉ283,541/yr"
DIGITΓƒΒ‰,"ΓΆΒ‚ΒΉ584,216/yr"
INFOS,"ΓΆΒ‚ΒΉ180,000/yr"
ABM KNOWLEDGEWARE,"ΓΆΒ‚ΒΉ319,791/yr"
MAXGEN TECHNOLOGIES,"ΓΆΒ‚ΒΉ220,000/yr"
UNOTECH SOFTWARE,"ΓΆΒ‚ΒΉ322,686/yr"
ACCORD FINTECH,"ΓΆΒ‚ΒΉ307,000/yr"
AUTOMOTIVE COMMODITY EXCHANGE,"ΓΆΒ‚ΒΉ764,950/yr"
TELVENT,"ΓΆΒ‚ΒΉ1,764,367/yr"
PLAY GAMES24X7,"ΓΆΒ‚ΒΉ997,473/yr"
VERVALI SYSTEMS,"ΓΆΒ‚ΒΉ558,182/yr"
BURRP!,"ΓΆΒ‚ΒΉ992,786/yr"
SNSEPRO,"ΓΆΒ‚ΒΉ27,708/mo"
CBSI (MI),"ΓΆΒ‚ΒΉ641,812/yr"
ANAYAN SOFTWARE CONSULTANCY,"ΓΆΒ‚ΒΉ27,708/mo"
IKS HEALTH,"ΓΆΒ‚ΒΉ350,857/yr"
RELIGARE TECHNOVA,"ΓΆΒ‚ΒΉ494,023/yr"
STORYMIRROR,"ΓΆΒ‚ΒΉ517,642/yr"
TEAM COMPUTERS,"ΓΆΒ‚ΒΉ17,543/mo"
SODEL SOLUTIONS,"ΓΆΒ‚ΒΉ701,543/yr"
VISTAPRINT,"ΓΆΒ‚ΒΉ974,546/yr"
ADEPT CONSULTING AND SERVICES,"ΓΆΒ‚ΒΉ795,926/yr"
SAVVION,"ΓΆΒ‚ΒΉ1,249,418/yr"
SMILE AUTOMATION,"ΓΆΒ‚ΒΉ30,255/mo"
RELIANCE COMMUNICATIONS,"ΓΆΒ‚ΒΉ128,452/yr"
BARC,"ΓΆΒ‚ΒΉ69,773/mo"
QUALITYKIOSK,"ΓΆΒ‚ΒΉ26,751/mo"
PUNEET ART & ENGINEERING STUDIO,"ΓΆΒ‚ΒΉ1,096,428/yr"
FRACTAL ANALYTICS,"ΓΆΒ‚ΒΉ30,497/mo"
UNIKAIHATSU SOFTWARE,"ΓΆΒ‚ΒΉ775,149/yr"
SYNTROSYS,"ΓΆΒ‚ΒΉ12,995/mo"
WEB WERKS,"ΓΆΒ‚ΒΉ598,052/yr"
SUSHIL VASHISHT,"ΓΆΒ‚ΒΉ479,330/yr"
UNISTANZ,"ΓΆΒ‚ΒΉ25,498/mo"
CREDIT SUISSE,"ΓΆΒ‚ΒΉ957,887/yr"
BROCADE,"ΓΆΒ‚ΒΉ993,927/yr"
EQUIFAX,"ΓΆΒ‚ΒΉ483,042/yr"
4GL SOLUTIONS,"ΓΆΒ‚ΒΉ11,083/mo"
LUMINA DATAMATICS,"ΓΆΒ‚ΒΉ233,808/yr"
EXPERIS INDIA,"ΓΆΒ‚ΒΉ16,404/mo"
ACCENTURE,"ΓΆΒ‚ΒΉ299,512/yr"
FLIPKART,"ΓΆΒ‚ΒΉ25,498/mo"
KLOUDDATA,"ΓΆΒ‚ΒΉ22,086/mo"
UNITECH,"ΓΆΒ‚ΒΉ221,661/yr"
PAYJOY,"ΓΆΒ‚ΒΉ877,143/yr"
PAYCRAFT SOLUTIONS,"ΓΆΒ‚ΒΉ275,000/yr"
ARANCA,"ΓΆΒ‚ΒΉ30,595/mo"
TATA COMMUNICATIONS,"ΓΆΒ‚ΒΉ664,502/yr"
MAXIMUS INFOWARE,"ΓΆΒ‚ΒΉ24,603/mo"
INTUITTHINGS,"ΓΆΒ‚ΒΉ328,928/yr"
LATERAL EM SOFT,"ΓΆΒ‚ΒΉ274,107/yr"
IGP.COM,"ΓΆΒ‚ΒΉ885,577/yr"
IBM INDIA,"ΓΆΒ‚ΒΉ374,390/yr"
KIAORA EXPRESS,"ΓΆΒ‚ΒΉ114,552/yr"
CYGNET INFOTECH,"ΓΆΒ‚ΒΉ114,552/mo"
AVENUES INDIA,"ΓΆΒ‚ΒΉ22,086/mo"
INTERACTCRM,"ΓΆΒ‚ΒΉ17,849/mo"
JAYANT GOLHAR,"ΓΆΒ‚ΒΉ294,061/yr"
THINKING HUT IT SOLUTIONS,"ΓΆΒ‚ΒΉ11,164/mo"
IOTAP,"ΓΆΒ‚ΒΉ411,686/yr"
XENIUM DIGITAL,"ΓΆΒ‚ΒΉ25,491/mo"
INFOTECH,"ΓΆΒ‚ΒΉ454,815/yr"
APMOSYS TECHNOLOGIES,"ΓΆΒ‚ΒΉ332,491/yr"
TECOGIS,"ΓΆΒ‚ΒΉ30,567/mo"
ABHISEK,"ΓΆΒ‚ΒΉ18,450/mo"
APPSEMBLY,"ΓΆΒ‚ΒΉ332,491/yr"
AAAAA RENT-A-SPACE,"ΓΆΒ‚ΒΉ27,000/mo"
MERIL LIFE SCIENCES,"ΓΆΒ‚ΒΉ16,158/mo"
KGFSL,"ΓΆΒ‚ΒΉ141,149/yr"
SOFTWARE DEVELOPERS,"ΓΆΒ‚ΒΉ49,919/mo"
VIVACONNECT,"ΓΆΒ‚ΒΉ34,238/mo"
MRCCTECHFORZA,"ΓΆΒ‚ΒΉ9,708/mo"
JEET TECHNO SOLUTIONS,"ΓΆΒ‚ΒΉ24,959/mo"
NIXON,"ΓΆΒ‚ΒΉ25,877/mo"
WORLD WIDE TECHNOLOGY,"ΓΆΒ‚ΒΉ12,183/mo"
ELYSIUM TECHNOLOGIES,"ΓΆΒ‚ΒΉ5,881/mo"
EDUPRISTINE,"ΓΆΒ‚ΒΉ664,502/yr"
ALFRED GOBAR ASSOC,"ΓΆΒ‚ΒΉ520,902/yr"
CALSOFT,"ΓΆΒ‚ΒΉ566,421/yr"
INFOMEDIA18,"ΓΆΒ‚ΒΉ998,374/yr"
KAPALINE DIGITAL MEDIA & CONSULTANCY SERVICES,"ΓΆΒ‚ΒΉ280,152/yr"
MAHINDRA SATYAM,"ΓΆΒ‚ΒΉ235,249/yr"
ORANGE,"ΓΆΒ‚ΒΉ16,625/mo"
REVOLUX SOLUTIONS,"ΓΆΒ‚ΒΉ350,000/yr"
ON DEMAND AGILITY,"ΓΆΒ‚ΒΉ1,067,826/yr"
CLOUDFINCH INC.,"ΓΆΒ‚ΒΉ350,190/yr"
MYGLAMM,"ΓΆΒ‚ΒΉ1,020,000/yr"
OSG INFOTECH,"ΓΆΒ‚ΒΉ275,807/yr"
MIT,"ΓΆΒ‚ΒΉ2,006,535/yr"
VYOM LABS,"ΓΆΒ‚ΒΉ305,980/yr"
DIGITECH ELECTRONIC SYSTEMS,"ΓΆΒ‚ΒΉ11,403/mo"
STATE BANK OF INDIA,"ΓΆΒ‚ΒΉ37,439/mo"
NOVANET,"ΓΆΒ‚ΒΉ548,214/yr"
XESOT TECHNOLOGIES,"ΓΆΒ‚ΒΉ180,000/yr"
ADDIT INFOTECH,"ΓΆΒ‚ΒΉ16,446/mo"
TEKSHAPERS,"ΓΆΒ‚ΒΉ100,000/mo"
MSERVICES,"ΓΆΒ‚ΒΉ13,300/mo"
CODEBOX,"ΓΆΒ‚ΒΉ18,639/mo"
ENABLEM,"ΓΆΒ‚ΒΉ19,187/mo"
MELSTAR INFORMATION TECHNOLOGIES,"ΓΆΒ‚ΒΉ682,222/yr"
ACCORD INFOSYSTEMS,"ΓΆΒ‚ΒΉ436,788/yr"
VALUE CONSULTING,"ΓΆΒ‚ΒΉ14,976/mo"
GREEKSOFT TECHNOLOGIES,"ΓΆΒ‚ΒΉ423,448/yr"
TANDON GROUP,"ΓΆΒ‚ΒΉ33,225/mo"
VERTOZ,"ΓΆΒ‚ΒΉ13,300/mo"
AKBAR TRAVELS OF INDIA,"ΓΆΒ‚ΒΉ45,897/mo"
VISTAR CORPORATION,"ΓΆΒ‚ΒΉ350,000/yr"
CURRENT,"ΓΆΒ‚ΒΉ236,154/yr"
DELL,"ΓΆΒ‚ΒΉ518,206/yr"
AMAZON,"ΓΆΒ‚ΒΉ20,399/mo"
AIRSPAN,"ΓΆΒ‚ΒΉ97,000/mo"
CLOVER,"ΓΆΒ‚ΒΉ21,544/mo"
ASENTECH,"ΓΆΒ‚ΒΉ46,165/mo"
GLODYNE TECHNOSERVE LIMITED,"ΓΆΒ‚ΒΉ724,382/yr"
VERDANTIS,"ΓΆΒ‚ΒΉ436,788/yr"
DOTCOM SERVICES (INDIA),"ΓΆΒ‚ΒΉ13,900/mo"
BEWAKOOF BRANDS,"ΓΆΒ‚ΒΉ124,797/mo"
TURTLEMINT,"ΓΆΒ‚ΒΉ1,116,364/yr"
DOXPER ,"ΓΆΒ‚ΒΉ1,329,964/yr"
EBAOTECH,"ΓΆΒ‚ΒΉ1,369,516/yr"
STATE STREET SYNTEL,"ΓΆΒ‚ΒΉ443,321/yr"
VICTRA-VERIZON AUTHORIZED RETAILER,"ΓΆΒ‚ΒΉ16,625/mo"
IT TRAILBLAZERS,"ΓΆΒ‚ΒΉ470,498/yr"
IL&FS,"ΓΆΒ‚ΒΉ3,886,074/yr"
NATIONAL STOCK EXCHANGE OF INDIA,"ΓΆΒ‚ΒΉ630,446/yr"
LIBERTY VIDEOCON GENERAL INSURANCE,"ΓΆΒ‚ΒΉ31,868/mo"
SANKEY SOLUTIONS,"ΓΆΒ‚ΒΉ304,967/yr"
SABINFO TECHNOLOGIES,"ΓΆΒ‚ΒΉ12,239/mo"
OSOURCE INDIA PVT.,"ΓΆΒ‚ΒΉ428,372/yr"
GREYSOFT SOLUTIONS,"ΓΆΒ‚ΒΉ159,596/yr"
ESPIRE SYSTEM,"ΓΆΒ‚ΒΉ17,849/mo"
GNOSIS INFOTECH,"ΓΆΒ‚ΒΉ49,402/mo"
GREENSTACK COMPUTING,"ΓΆΒ‚ΒΉ1,385,763/yr"
IXIA SOLUTIONS,"ΓΆΒ‚ΒΉ609,933/yr"
TRUNKOZ GROUP,"ΓΆΒ‚ΒΉ17,509/mo"
WEBSHAR,"ΓΆΒ‚ΒΉ632,990/yr"
MICRO,"ΓΆΒ‚ΒΉ37,662/mo"
ACE DERIVATIVES & COMMODITY EXCHANGE,"ΓΆΒ‚ΒΉ12,480/mo"
BARITONE SOLUTIONS,"ΓΆΒ‚ΒΉ16,625/mo"
IVP (INDIA),"ΓΆΒ‚ΒΉ720,397/yr"
CRIMSON INTERACTIVE,"ΓΆΒ‚ΒΉ441,727/yr"
GENPACT,"ΓΆΒ‚ΒΉ442,378/yr"
BEDBATHMORE,"ΓΆΒ‚ΒΉ998,374/yr"
SILVEREYE SOFTWARE SOLUTIONS,"ΓΆΒ‚ΒΉ211,946/yr"
KONVERSATIONS,"ΓΆΒ‚ΒΉ509,966/yr"
INDIABULLS,"ΓΆΒ‚ΒΉ25,477/mo"
VENUSLABS WEB SOLUTIONS,"ΓΆΒ‚ΒΉ1,506,748/yr"
GEETA TECHNOSYS,"ΓΆΒ‚ΒΉ316,495/yr"
FALKONRY,"ΓΆΒ‚ΒΉ21,929/mo"
SOURCEONE,"ΓΆΒ‚ΒΉ424,703/yr"
ANLAGE HRO SERVICES,"ΓΆΒ‚ΒΉ263,746/yr"
MARLABS,"ΓΆΒ‚ΒΉ494,023/yr"
REMARKABLE SOFTWARE SERVICES,"ΓΆΒ‚ΒΉ11,762/mo"
PANORAMIC UNIVERSAL LIMITED,"ΓΆΒ‚ΒΉ193,217/yr"
PARINATI SOLUTIONS,"ΓΆΒ‚ΒΉ10,196/mo"
RAJA SOFTWARE LABS,"ΓΆΒ‚ΒΉ623,983/yr"
SIMPLE LOGIC,"ΓΆΒ‚ΒΉ22,327/mo"
PERICENT,"ΓΆΒ‚ΒΉ456,694/yr"
GATEWAY TECHNOLABS,"ΓΆΒ‚ΒΉ33,130/mo"
BP,"ΓΆΒ‚ΒΉ119,922/yr"
CLEANAWAY,"ΓΆΒ‚ΒΉ352,873/yr"
TESCO,"ΓΆΒ‚ΒΉ588,122/yr"
ABC SOFTWARES,"ΓΆΒ‚ΒΉ758,024/yr"
ZIM WORLD FREIGHT,"ΓΆΒ‚ΒΉ23,210/mo"
IT GURUS SOFTWARE,"ΓΆΒ‚ΒΉ279,091/yr"
MYNTRA,"ΓΆΒ‚ΒΉ538,775/yr"
INFINX HEALTHCARE,"ΓΆΒ‚ΒΉ40,797/mo"
TCS COMMUNICATIONS,"ΓΆΒ‚ΒΉ713,953/yr"
AGILE FINANCIAL TECHNOLOGIES,"ΓΆΒ‚ΒΉ41,169/mo"
YAHOO INDIA,"ΓΆΒ‚ΒΉ588,122/yr"
PARITY CUBE,"ΓΆΒ‚ΒΉ705,747/yr"
HECKYL TECHNOLOGIES,"ΓΆΒ‚ΒΉ26,649/mo"
HMK,"ΓΆΒ‚ΒΉ13,445/mo"
FLEXILOANS TECHNOLOGIES,"ΓΆΒ‚ΒΉ1,101,527/yr"
ZOPPER,"ΓΆΒ‚ΒΉ29,578/mo"
SCHNEIDER ELECTRIC,"ΓΆΒ‚ΒΉ443,321/yr"
3DI,"ΓΆΒ‚ΒΉ385,087/yr"
SISL,"ΓΆΒ‚ΒΉ529,310/yr"
SNAPWORK TECHNOLOGY,"ΓΆΒ‚ΒΉ345,000/yr"
PINSTORM,"ΓΆΒ‚ΒΉ745,571/yr"
OMNITECH INFOSOLUTIONS,"ΓΆΒ‚ΒΉ649,735/yr"
BIZONGO,"ΓΆΒ‚ΒΉ1,835,879/yr"
BSG ITSOFT,"ΓΆΒ‚ΒΉ20,399/mo"
WINMAX TECHNOLOGIES,"ΓΆΒ‚ΒΉ459,925/yr"
SMARTLY BUILT,"ΓΆΒ‚ΒΉ18,122/mo"
PEOPLE GROUP,"ΓΆΒ‚ΒΉ334,909/yr"
INFINI SYSTEMS,"ΓΆΒ‚ΒΉ320,906/yr"
CDAC MUMBAI,"ΓΆΒ‚ΒΉ265,993/yr"
ETOUCH SYSTEMS,"ΓΆΒ‚ΒΉ362,598/yr"
LNT GROUP,"ΓΆΒ‚ΒΉ60,000/mo"
PLAYSPAN,"ΓΆΒ‚ΒΉ1,058,620/yr"
MAGNA INFOTECH (INDIA),"ΓΆΒ‚ΒΉ51,357/mo"
ADOBE,"ΓΆΒ‚ΒΉ109,643/yr"
INSOLUTIONS GLOBAL,"ΓΆΒ‚ΒΉ438,571/yr"
AVHAN TECHNOLOGIES,"ΓΆΒ‚ΒΉ7,057/mo"
IIFL,"ΓΆΒ‚ΒΉ37,439/mo"
ARK,"ΓΆΒ‚ΒΉ352,873/yr"
APNAPAISA MARKETING AND SERVICE,"ΓΆΒ‚ΒΉ730,952/yr"
SPEAKWELL,"ΓΆΒ‚ΒΉ6,579/mo"
SHEZAR WEB TECHNOLOGIES,"ΓΆΒ‚ΒΉ443,321/yr"
THOMAS COOK,"ΓΆΒ‚ΒΉ44,954/mo"
CONTINUUM,"ΓΆΒ‚ΒΉ460,500/yr"
SHEOREY DIGITAL SYSTEMS,"ΓΆΒ‚ΒΉ34,238/mo"
XALTED INFORMATION SYSTEMS,"ΓΆΒ‚ΒΉ532,986/yr"
SERVPRO TECHNOLOGIES,"ΓΆΒ‚ΒΉ524,146/yr"
FINACUS SOLUTIONS,"ΓΆΒ‚ΒΉ194,921/yr"
HEALTH PRIME SERVICES (INDIA) PVT.,"ΓΆΒ‚ΒΉ374,390/yr"
COMPUNNEL,"ΓΆΒ‚ΒΉ454,236/yr"
TIME WARNER CABLE,"ΓΆΒ‚ΒΉ398,701/yr"
IVY MOBILITY,"ΓΆΒ‚ΒΉ591,561/yr"
TRANSASIA BIOMEDICALS,"ΓΆΒ‚ΒΉ534,843/yr"
BALAJI INTER INFOSYSTEMS,"ΓΆΒ‚ΒΉ30,410/mo"
CYLSYS SOFTWARE SOLUTION,"ΓΆΒ‚ΒΉ9,410/mo"
CYBERMARINE,"ΓΆΒ‚ΒΉ22,327/mo"
RAMESH & CO.,"ΓΆΒ‚ΒΉ509,966/yr"
BIZMATICS,"ΓΆΒ‚ΒΉ332,491/yr"
TOTAL QUALITY LOGISTICS,"ΓΆΒ‚ΒΉ374,390/yr"
MAA TECHNOLOGIES,"ΓΆΒ‚ΒΉ487,301/yr"
LOGIC ROOTS,"ΓΆΒ‚ΒΉ8,234/mo"
FLSMIDTH,"ΓΆΒ‚ΒΉ31,199/mo"
UNITED ONLINE,"ΓΆΒ‚ΒΉ503,278/yr"
GENESYS INTERNATIONAL,"ΓΆΒ‚ΒΉ282,299/yr"
QUODECK,"ΓΆΒ‚ΒΉ43,857/mo"
SHAWMAN SOFTWARE,"ΓΆΒ‚ΒΉ11,083/mo"
INTELLVISIONS SOFTWARE,"ΓΆΒ‚ΒΉ336,951/yr"
ARICENT,"ΓΆΒ‚ΒΉ32,091/mo"
NORTHERN TRUST,"ΓΆΒ‚ΒΉ19,996/mo"
SAMSUNG R&D INSTITUTE INDIA,"ΓΆΒ‚ΒΉ1,374,627/yr"
THYROCARE TECHNOLOGIES,"ΓΆΒ‚ΒΉ220,863/yr"
C&A,"ΓΆΒ‚ΒΉ27,411/mo"
WEBIAN TECHNOLOGIES,"ΓΆΒ‚ΒΉ11,513/mo"
SPANCO,"ΓΆΒ‚ΒΉ679,203/yr"
AASAANJOBS.COM,"ΓΆΒ‚ΒΉ635,172/yr"
DUSANE INFOTECH,"ΓΆΒ‚ΒΉ26,742/mo"
AYAM,"ΓΆΒ‚ΒΉ1,497,560/yr"
UBONA,"ΓΆΒ‚ΒΉ390,727/yr"
IT SHASTRA,"ΓΆΒ‚ΒΉ11,498/mo"
SPEEDLABS,"ΓΆΒ‚ΒΉ44,332/mo"
MEDIA NUCLEUS,"ΓΆΒ‚ΒΉ588,122/yr"
NAYAMODE,"ΓΆΒ‚ΒΉ36,260/mo"
FYND,"ΓΆΒ‚ΒΉ1,172,569/yr"
PNB METLIFE,"ΓΆΒ‚ΒΉ164,464/mo"
AARUSHI IT SOLUTIONS,"ΓΆΒ‚ΒΉ31,979/mo"
AVANADE,"ΓΆΒ‚ΒΉ515,361/yr"
MICROSOFT,"ΓΆΒ‚ΒΉ1,176,245/yr"
EDELWEISS FINANCIAL SERVICES,"ΓΆΒ‚ΒΉ420,548/yr"
PRAGMATIX,"ΓΆΒ‚ΒΉ305,980/yr"
ATIDAN,"ΓΆΒ‚ΒΉ935,975/yr"
SPAREAGE SEALS,"ΓΆΒ‚ΒΉ516,448/yr"
CHEERS INTERACTIVE,"ΓΆΒ‚ΒΉ215,438/yr"
NETGAINS NETWORK SOLUTIONS,"ΓΆΒ‚ΒΉ197,357/yr"
SOFTTACT,"ΓΆΒ‚ΒΉ8,159/mo"
SYNERGY,"ΓΆΒ‚ΒΉ713,953/yr"
PAGALGUY,"ΓΆΒ‚ΒΉ754,035/yr"
SOCIAL NEWSIA,"ΓΆΒ‚ΒΉ20,399/mo"
VARA UNITED,"ΓΆΒ‚ΒΉ9,627/mo"
FREESTONE INFOTECH,"ΓΆΒ‚ΒΉ27,596/mo"
GRID ANT TECHNOLOGIES,"ΓΆΒ‚ΒΉ1,213,438/yr"
JITESH PATIL,"ΓΆΒ‚ΒΉ16,807/mo"
DELTECS INFOTECH,"ΓΆΒ‚ΒΉ474,742/yr"
MILES (NORWAY),"ΓΆΒ‚ΒΉ16,625/mo"
BYZAN SYSTEM,"ΓΆΒ‚ΒΉ73,798/mo"
LIVQUIK TECHNOLOGY,"ΓΆΒ‚ΒΉ55,216/mo"
HOTSTAR,"ΓΆΒ‚ΒΉ1,447,746/yr"
NASKINTECH,"ΓΆΒ‚ΒΉ16,158/mo"
TECH WIND COMPUTER SERVICES,"ΓΆΒ‚ΒΉ42,055/mo"
YAHOO,"ΓΆΒ‚ΒΉ815,946/yr"
MAINTEC TECHNOLOGIES,"ΓΆΒ‚ΒΉ541,073/yr"
ROSHAN,"ΓΆΒ‚ΒΉ14,083/mo"
SETERUS,"ΓΆΒ‚ΒΉ374,390/yr"
GOLDMEDAL ELECTRICALS,"ΓΆΒ‚ΒΉ49,874/mo"
TVS,"ΓΆΒ‚ΒΉ20,331/mo"
"BAKER HUGHES, A GE COMPANY","ΓΆΒ‚ΒΉ1,152,774/yr"
GLOBALSPACE TECHNOLOGIES,"ΓΆΒ‚ΒΉ548,214/yr"
ENFINI LABS TECH CONSULTANT,"ΓΆΒ‚ΒΉ250,000/yr"
DUCK CREEK TECHNOLOGIES,"ΓΆΒ‚ΒΉ570,912/yr"
DR. BATRAS' POSITIVE HEALTH CLINIC,"ΓΆΒ‚ΒΉ232,576/yr"
RED SPARROW INFOTECH,"ΓΆΒ‚ΒΉ23,922/mo"
KANAKIA SPACES,"ΓΆΒ‚ΒΉ55,415/mo"
MERILENT,"ΓΆΒ‚ΒΉ27,708/mo"
GROUPM,"ΓΆΒ‚ΒΉ812,169/yr"
INTELENET,"ΓΆΒ‚ΒΉ529,310/yr"
UBS,"ΓΆΒ‚ΒΉ376,823/yr"
ASM TECHNOLOGIES,"ΓΆΒ‚ΒΉ21,624/mo"
SIXSIGMA,"ΓΆΒ‚ΒΉ425,588/yr"
INNOVA SOLUTIONS,"ΓΆΒ‚ΒΉ350,857/yr"
DONE SOLUTIONS,"ΓΆΒ‚ΒΉ110,830/yr"
ZOPHOP TECH,"ΓΆΒ‚ΒΉ1,339,636/yr"
BISTA SOLUTIONS,"ΓΆΒ‚ΒΉ717,806/yr"
MEDKNOW PUBLICATIONS,"ΓΆΒ‚ΒΉ388,161/yr"
GEBBS HEALTHCARE SOLUTIONS,"ΓΆΒ‚ΒΉ482,428/yr"
RECRUIT HOLDINGS,"ΓΆΒ‚ΒΉ664,982/yr"
ALL E TECHNOLOGIES,"ΓΆΒ‚ΒΉ33,225/mo"
SYMANTEC,"ΓΆΒ‚ΒΉ1,801,956/yr"
EDZEAL,"ΓΆΒ‚ΒΉ32,091/mo"
ADITYA IMAGING INFORMATION TECHNOLOGIES,"ΓΆΒ‚ΒΉ131,571/yr"
TATA INTERACTIVE SYSTEM,"ΓΆΒ‚ΒΉ664,502/yr"
PYKIH SOFTWARE,"ΓΆΒ‚ΒΉ33,130/mo"
MINDTREE,"ΓΆΒ‚ΒΉ15,948/mo"
UPGRAD,"ΓΆΒ‚ΒΉ42,199/mo"
VIRAAT DATATECH,"ΓΆΒ‚ΒΉ1,933,509/yr"
TEAMWARE SOLUTIONS,"ΓΆΒ‚ΒΉ30,595/mo"
MYSELF,"ΓΆΒ‚ΒΉ13,290/mo"
SCAN INFOTECH,"ΓΆΒ‚ΒΉ588,122/yr"
TRANSERV,"ΓΆΒ‚ΒΉ51,903/mo"
VIDYUT METALLICS,"ΓΆΒ‚ΒΉ176,437/yr"
IMPETUS TECHNOLOGIES,"ΓΆΒ‚ΒΉ497,510/yr"
IL&FS SECURITIES SERVICES,"ΓΆΒ‚ΒΉ141,149/yr"
NXEDGE,"ΓΆΒ‚ΒΉ24,959/mo"
MOUNTAIN KHAKIS,"ΓΆΒ‚ΒΉ1,400,000/yr"
NITYO INFOTECH,"ΓΆΒ‚ΒΉ86,138/mo"
PC TECHNOLOGY,"ΓΆΒ‚ΒΉ17,733/mo"
CORE EDUCATION & TECHNOLOGIES,"ΓΆΒ‚ΒΉ207,325/yr"
MONARCH INNOVATIVE TECHNOLOGIES PVT.,"ΓΆΒ‚ΒΉ19,935/mo"
JOHNSON CONTROLS,"ΓΆΒ‚ΒΉ792,989/yr"
OS3 INFOTECH,"ΓΆΒ‚ΒΉ224,088/yr"
GMR GROUP,"ΓΆΒ‚ΒΉ48,304/mo"
SYNOVERGE TECHNOLOGIES,"ΓΆΒ‚ΒΉ44,173/mo"
SUMHR,"ΓΆΒ‚ΒΉ33,225/mo"
PC TECH LEARNING CENTER,"ΓΆΒ‚ΒΉ199,495/yr"
STATE FARM,"ΓΆΒ‚ΒΉ22,166/mo"
VISA INC.,"ΓΆΒ‚ΒΉ997,473/yr"
THE IMAGE MOTION,"ΓΆΒ‚ΒΉ227,407/yr"
CMS INFO SYSTEMS,"ΓΆΒ‚ΒΉ609,572/yr"
BUILT.IO,"ΓΆΒ‚ΒΉ8,557/mo"
LEXMARK INTERNATIONAL,"ΓΆΒ‚ΒΉ11,413/mo"
ABN AMRO,"ΓΆΒ‚ΒΉ1,771,153/yr"
INTELIMENT,"ΓΆΒ‚ΒΉ265,993/yr"
SENIOR SERVICES FOR SOUTH SOUND,"ΓΆΒ‚ΒΉ1,111,111/yr"
MICM NET SOLUTIONS,"ΓΆΒ‚ΒΉ39,215/mo"
BIGTREE ENTERTAINMENT PVT.LTD.,"ΓΆΒ‚ΒΉ1,096,428/yr"
TURAKHIA GROUP,"ΓΆΒ‚ΒΉ17,644/mo"
VANGUARD TECHNOLOGIES,"ΓΆΒ‚ΒΉ400,000/yr"
E DOT SOLUTIONS,"ΓΆΒ‚ΒΉ438,571/yr"
FIS,"ΓΆΒ‚ΒΉ1,100,000/yr"
NEOQUANT SOLUTIONS,"ΓΆΒ‚ΒΉ42,227/mo"
KAISER PERMANENTE,"ΓΆΒ‚ΒΉ45,651/mo"
XANGARS,"ΓΆΒ‚ΒΉ671,562/yr"
VIRTUSAPOLARIS,"ΓΆΒ‚ΒΉ592,456/yr"
IVP,"ΓΆΒ‚ΒΉ11,370/mo"
TATVASOFT,"ΓΆΒ‚ΒΉ404,341/yr"
HETAL INFOTECH,"ΓΆΒ‚ΒΉ52,931/mo"
G5 WEB SERVICES,"ΓΆΒ‚ΒΉ16,446/mo"
KESTE,"ΓΆΒ‚ΒΉ849,407/yr"
GRAVITAS TECHNOLOGY,"ΓΆΒ‚ΒΉ1,137,036/yr"
MAHESH EDIBLE OIL INDUSTRIES,"ΓΆΒ‚ΒΉ77,581/mo"
PAYPAL,"ΓΆΒ‚ΒΉ1,483,642/yr"
PROTEGRITY,"ΓΆΒ‚ΒΉ1,176,245/yr"
BAYER,"ΓΆΒ‚ΒΉ532,964/yr"
GEODESIC INFORMATION SYSTEMS,"ΓΆΒ‚ΒΉ635,172/yr"
BOEING,"ΓΆΒ‚ΒΉ121,913/yr"
SAGE,"ΓΆΒ‚ΒΉ406,622/yr"
MASTERCOM,"ΓΆΒ‚ΒΉ28,000/mo"
EXEGESIS INFOTECH,"ΓΆΒ‚ΒΉ32,893/mo"
CLOUD ENERGY SOFTWARE,"ΓΆΒ‚ΒΉ20,253/mo"
CREATIVE THERMAL SOLUTIONS,"ΓΆΒ‚ΒΉ24,173/mo"
CORNERSTONE ONDEMAND,"ΓΆΒ‚ΒΉ623,983/yr"
GRAY MATRIX SOLUTIONS,"ΓΆΒ‚ΒΉ49,919/mo"
ARISTON,"ΓΆΒ‚ΒΉ554,151/yr"
PLANFIRMA TECHNOLOGIES ,"ΓΆΒ‚ΒΉ305,980/yr"
BEEHIVE SOFTWARE SERVICES,"ΓΆΒ‚ΒΉ42,528/mo"
SMART BUSINESS & IT SOLUTIONS,"ΓΆΒ‚ΒΉ31,199/mo"
TEEVRA EDUTECH,"ΓΆΒ‚ΒΉ554,151/yr"
INTERPRODUCTEC,"ΓΆΒ‚ΒΉ690,750/yr"
GROMOR FINANCE,"ΓΆΒ‚ΒΉ426,389/yr"
KAIZEN INFOTECH SOLUTIONS,"ΓΆΒ‚ΒΉ140,076/yr"
WEBSTREAM COMMUNICATIONS,"ΓΆΒ‚ΒΉ29,951/mo"
GENERAL INSURANCE OF INDIA (GIC RE),"ΓΆΒ‚ΒΉ73,095/mo"
NUCSOFT OSSLABS,"ΓΆΒ‚ΒΉ649,735/yr"
CHENOA INFORMATION SERVICES,"ΓΆΒ‚ΒΉ44,332/mo"
GRACEWORKS,"ΓΆΒ‚ΒΉ11,164/mo"
BHARAT PETROLEUM,"ΓΆΒ‚ΒΉ52,629/mo"
HDFC ERGO GENERAL INSURANCE,"ΓΆΒ‚ΒΉ159,480/yr"
INFORMATICA,"ΓΆΒ‚ΒΉ382,233/yr"
"BIRLA COLLEGE OF ARTS, SCIENCE AND COMMERCE KALYAN","ΓΆΒ‚ΒΉ11,083/mo"
INTERAC,"ΓΆΒ‚ΒΉ780,249/yr"
HDFC,"ΓΆΒ‚ΒΉ1,764,367/yr"
RAHUL ROY,"ΓΆΒ‚ΒΉ407,973/yr"
NETREACH TECHNOLOGIES,"ΓΆΒ‚ΒΉ595,798/yr"
C-EDGE TECHNOLOGIES,"ΓΆΒ‚ΒΉ54,821/mo"
LOCON SOLUTIONS,"ΓΆΒ‚ΒΉ882,184/yr"
CONVONIX,"ΓΆΒ‚ΒΉ467,405/yr"
DEIF,"ΓΆΒ‚ΒΉ50,000/mo"
NATIONAL BULK HANDLING,"ΓΆΒ‚ΒΉ536,442/yr"
HANS INFOTECH,"ΓΆΒ‚ΒΉ6,822/mo"
SYMPHONY TELECA,"ΓΆΒ‚ΒΉ685,395/yr"
IKSULA,"ΓΆΒ‚ΒΉ623,983/yr"
TATA CONSULTANCY SERVICES (NORTH AMERICA),"ΓΆΒ‚ΒΉ448,770/yr"
ONWARD TECHNOLOGIES INC.,"ΓΆΒ‚ΒΉ1,659,459/yr"
REGHUNATH,"ΓΆΒ‚ΒΉ332,491/yr"
CREATIVE INFORMATION TECHNOLOGY,"ΓΆΒ‚ΒΉ35,698/mo"
CASHCARE,"ΓΆΒ‚ΒΉ76,750/mo"
MAGTECH INDUSTRIES,"ΓΆΒ‚ΒΉ28,000/mo"
VIRTELA TECHNOLOGY SERVICES,"ΓΆΒ‚ΒΉ304,783/yr"
KALVEN TECHNOLOGIES,"ΓΆΒ‚ΒΉ50,997/mo"
OMNIPAYMENTS,"ΓΆΒ‚ΒΉ21,929/mo"
UGAM,"ΓΆΒ‚ΒΉ535,465/yr"
PXL SOFT,"ΓΆΒ‚ΒΉ17,834/mo"
SHIPLER TECHNOLOGY,"ΓΆΒ‚ΒΉ572,761/yr"
M.PAANI,"ΓΆΒ‚ΒΉ328,928/yr"
MULTISOFT CORPORATION,"ΓΆΒ‚ΒΉ626,008/yr"
ISOFT INDIA TECHNOLOGIES,"ΓΆΒ‚ΒΉ700,175/yr"
ROHIT GANDHI + RAHUL KHANNA,"ΓΆΒ‚ΒΉ14,504/mo"
SIEMPELKAMP,"ΓΆΒ‚ΒΉ773,022/yr"
RICKI'S,"ΓΆΒ‚ΒΉ30,000/mo"
WEBCHUTNEY STUDIO,"ΓΆΒ‚ΒΉ33,662/mo"
SENSYS TECH,"ΓΆΒ‚ΒΉ541,765/yr"
PI TECHNIQUES,"ΓΆΒ‚ΒΉ316,495/yr"
ICICI LOMBARD GENERAL INSURANCE COMPANY LIMITED,"ΓΆΒ‚ΒΉ208,371/yr"
PINWHEEL TECHNOLOGY,"ΓΆΒ‚ΒΉ398,989/yr"
HIGHBAR TECHNOLOGIES,"ΓΆΒ‚ΒΉ249,593/yr"
SAP,"ΓΆΒ‚ΒΉ799,479/yr"
PERSISTENT SYSTEMS (INDIA),"ΓΆΒ‚ΒΉ494,023/yr"
SOFTWARE DEVELOPERS OF AMERICA,"ΓΆΒ‚ΒΉ28,165/mo"
SERVOSYS SOLUTIONS,"ΓΆΒ‚ΒΉ14,279/mo"
NEXTSERVICES,"ΓΆΒ‚ΒΉ23,258/mo"
INTRAWEB SOLUTIONS,"ΓΆΒ‚ΒΉ13,290/mo"
TCS E-SERVE INTERNATIONAL,"ΓΆΒ‚ΒΉ38,791/mo"
TABREZ,"ΓΆΒ‚ΒΉ10,199/mo"
TIKONA DIGITAL NETWORKS,"ΓΆΒ‚ΒΉ12,461/mo"
WINSOFT TECHNOLOGIES,"ΓΆΒ‚ΒΉ383,750/yr"
IWEB TECHNOLOGY SOLUTIONS,"ΓΆΒ‚ΒΉ9,303/mo"
MINACS,"ΓΆΒ‚ΒΉ339,471/yr"
NEWELL BRANDS,"ΓΆΒ‚ΒΉ538,596/yr"
PODAR EDUCATION COMPLEX,"ΓΆΒ‚ΒΉ38,984/mo"
AMEYA INFOVISION,"ΓΆΒ‚ΒΉ11,328/mo"
DIRECT TECHNOLOGY,"ΓΆΒ‚ΒΉ8,122/mo"
CLEARTRIP,"ΓΆΒ‚ΒΉ649,735/yr"
CSI COMPUTECH,"ΓΆΒ‚ΒΉ517,052/yr"
COX & KINGS,"ΓΆΒ‚ΒΉ738,488/yr"
NOVIRE TECHNOLOGIES,"ΓΆΒ‚ΒΉ19,996/mo"
INDIAN DENTAL ASSOCIATION,"ΓΆΒ‚ΒΉ328,928/yr"
SOFTWARE ENGINEERING,"ΓΆΒ‚ΒΉ44,522/mo"
ARDENTISYS,"ΓΆΒ‚ΒΉ22,166/mo"
NSEIT,"ΓΆΒ‚ΒΉ58,812/mo"
PHI ROBOTICS,"ΓΆΒ‚ΒΉ481,359/yr"
CUSTOMER360,"ΓΆΒ‚ΒΉ748,780/yr"
PRAMOD GUPTA,"ΓΆΒ‚ΒΉ1,408,256/yr"
UJJWAL SIHAG,"ΓΆΒ‚ΒΉ711,589/yr"
ECI TELECOM,"ΓΆΒ‚ΒΉ617,529/yr"
SANCHIT,"ΓΆΒ‚ΒΉ27,909/mo"
COSTCO WHOLESALE,"ΓΆΒ‚ΒΉ58,812/mo"
I-NEXT SOLUTIONS,"ΓΆΒ‚ΒΉ1,019,933/yr"
KANIX SOLUTIONS,"ΓΆΒ‚ΒΉ16,446/mo"
YUSUF,"ΓΆΒ‚ΒΉ303,687/yr"
SAGARSOFT,"ΓΆΒ‚ΒΉ61,196/mo"
KAYD EFSEFSV E VSRFS VRERGDFVVC,"ΓΆΒ‚ΒΉ17,183/mo"
CONSINDIA,"ΓΆΒ‚ΒΉ548,214/yr"
JIGSEE,"ΓΆΒ‚ΒΉ368,990/yr"
SUTRA SERVICES,"ΓΆΒ‚ΒΉ66,498/mo"
WEATHERFORD,"ΓΆΒ‚ΒΉ50,000/mo"
QUICK HEAL TECHNOLOGIES PVT.,"ΓΆΒ‚ΒΉ25,853/mo"
LOGICSERVE DIGITAL,"ΓΆΒ‚ΒΉ48,346/mo"
COVERFOX,"ΓΆΒ‚ΒΉ664,982/yr"
NITAI PARTNERS,"ΓΆΒ‚ΒΉ10,734/mo"
ECHOFEEL,"ΓΆΒ‚ΒΉ27,708/mo"
INSPIRISYS SOLUTIONS LIMITED,"ΓΆΒ‚ΒΉ885,577/yr"
EBAY,Γ‚Β£37/hr
GENIE SOFT SYSTEM,"ΓΆΒ‚ΒΉ26,599/mo"
ORIGINET TECHNOLOGIES,"ΓΆΒ‚ΒΉ333,446/yr"
VERINON TECH,"ΓΆΒ‚ΒΉ31,759/mo"
MOFIRST SOLUTIONS,"ΓΆΒ‚ΒΉ476,379/yr"
CELUSION TECHNOLOGIES,"ΓΆΒ‚ΒΉ627,445/yr"
KALPATARU COMPUTER SERVICES,"ΓΆΒ‚ΒΉ548,214/yr"
SPATIAL IDEAS,"ΓΆΒ‚ΒΉ664,982/yr"
RESILIENT SOFTECH,"ΓΆΒ‚ΒΉ295,192/yr"
TEST,"ΓΆΒ‚ΒΉ426,389/yr"
ANGEL BROKING,"ΓΆΒ‚ΒΉ471,029/yr"
RAPID GLOBAL BUSINESS SOLUTIONS (RGBSI),"ΓΆΒ‚ΒΉ635,172/yr"
NEOSOFT,"ΓΆΒ‚ΒΉ508,278/yr"
SYNCHRONOSS,"ΓΆΒ‚ΒΉ823,371/yr"
CYGNUS IT SOLUTIONS,"ΓΆΒ‚ΒΉ13,348/mo"
GODREJ INFOTECH,"ΓΆΒ‚ΒΉ380,313/yr"
NEXTGEN CLEARING,"ΓΆΒ‚ΒΉ279,091/yr"
FAST TRACK,"ΓΆΒ‚ΒΉ482,428/yr"
UNIVERSAL HUNT,"ΓΆΒ‚ΒΉ19,935/mo"
CHECKAPP HEALTHCARE TECHNOLOGY,"ΓΆΒ‚ΒΉ662,956/yr"
JOHNSON & JOHNSON,"ΓΆΒ‚ΒΉ374,390/yr"
"LKMJM,K","ΓΆΒ‚ΒΉ726,627/yr"
OYO,"ΓΆΒ‚ΒΉ1,223,919/yr"
CAZAAYAN,"ΓΆΒ‚ΒΉ29,744/mo"
INDIAGAMES,"ΓΆΒ‚ΒΉ406,084/yr"
SONY ELECTRONICS,"ΓΆΒ‚ΒΉ35,206/mo"
RINIRA TECHNOLOGIES,"ΓΆΒ‚ΒΉ700,380/yr"
SPINE TECHNOLOGIES,"ΓΆΒ‚ΒΉ26,375/mo"
CUSTOM INK,"ΓΆΒ‚ΒΉ25,414/mo"
HNL SYSTEMS,"ΓΆΒ‚ΒΉ14,408/mo"
CAPGEMINI,"ΓΆΒ‚ΒΉ390,727/yr"
LTI,"ΓΆΒ‚ΒΉ793,764/yr"
BA CONTINUUM INDIA,"ΓΆΒ‚ΒΉ875,924/yr"
PEGASUS INFOCORP,"ΓΆΒ‚ΒΉ846,896/yr"
II5 TECHNOLOGIES,"ΓΆΒ‚ΒΉ91,301/mo"
VOLGA INFOTECH,"ΓΆΒ‚ΒΉ1,156,067/yr"
HUNGAMA,"ΓΆΒ‚ΒΉ826,560/yr"
TIBCO SOFTWARE,"ΓΆΒ‚ΒΉ1,260,431/yr"
AG TECH,"ΓΆΒ‚ΒΉ23,567/mo"
NETCORE SOLUTIONS,"ΓΆΒ‚ΒΉ24,537/mo"
ITIVITI,"ΓΆΒ‚ΒΉ650,000/yr"
IDFY,"ΓΆΒ‚ΒΉ548,619/yr"
FORBES TECHNOSYS,"ΓΆΒ‚ΒΉ245,795/yr"
CONCERTO SOFTWARE,"ΓΆΒ‚ΒΉ258,885/yr"
GLOBALLOGIC,"ΓΆΒ‚ΒΉ758,547/yr"
AQM TECHNOLOGIES,"ΓΆΒ‚ΒΉ223,000/yr"
GENERAL MILLS,"ΓΆΒ‚ΒΉ1,302,074/yr"
ARRK,"ΓΆΒ‚ΒΉ1,200,006/yr"
GEECON GLOBAL,"ΓΆΒ‚ΒΉ8,725/mo"
GREYATOM,"ΓΆΒ‚ΒΉ1,713,487/yr"
NOKIA,"ΓΆΒ‚ΒΉ790,097/yr"
EXPERIS,"ΓΆΒ‚ΒΉ14,632/mo"
INFRASOFT,"ΓΆΒ‚ΒΉ1,531,966/yr"
ARCTERN,"ΓΆΒ‚ΒΉ767,287/yr"
GRAY ROUTES,"ΓΆΒ‚ΒΉ40,948/mo"
SUREPREP,"ΓΆΒ‚ΒΉ831,227/yr"
WEBSTAC SOFTWARE,"ΓΆΒ‚ΒΉ812,478/yr"
SMARTCONNECT TECHNOLOGIES,"ΓΆΒ‚ΒΉ543,263/yr"
DESTAR TECHNOLOGIES,"ΓΆΒ‚ΒΉ615,560/yr"
TIMESOFMONEY,"ΓΆΒ‚ΒΉ693,886/yr"
MAUJ MOBILE,"ΓΆΒ‚ΒΉ656,554/yr"
APTUS HEALTH,"ΓΆΒ‚ΒΉ902,298/yr"
LEAF TECHNOLOGIES,"ΓΆΒ‚ΒΉ1,926,638/yr"
NIIT TECHNOLOGIES,"ΓΆΒ‚ΒΉ614,000/yr"
DION GLOBAL SOLUTIONS,"ΓΆΒ‚ΒΉ1,522,729/yr"
VAMASHIP,"ΓΆΒ‚ΒΉ18,402/mo"
TECHTREK INDIA,"ΓΆΒ‚ΒΉ763,930/yr"
BIGINT MEDIA,"ΓΆΒ‚ΒΉ8,373/mo"
WEBAROO,"ΓΆΒ‚ΒΉ2,192,856/yr"
SERVION GLOBAL SOLUTIONS,"ΓΆΒ‚ΒΉ837,272/yr"
TRADEPAQ TRM,"ΓΆΒ‚ΒΉ531,346/yr"
MORNINGSTAR,"ΓΆΒ‚ΒΉ237,444/yr"
JOB,"ΓΆΒ‚ΒΉ672,263/yr"
STALLION,"ΓΆΒ‚ΒΉ420,664/yr"
DYNAKODE,"ΓΆΒ‚ΒΉ40,797/mo"
POLYTRON,"ΓΆΒ‚ΒΉ513,807/yr"
CMA CGM,"ΓΆΒ‚ΒΉ45,837/mo"
TATA CONSULTING ENGINEERS,"ΓΆΒ‚ΒΉ379,236/yr"
WECRAFT SOLUTIONS,"ΓΆΒ‚ΒΉ28,321/mo"
PRESCIENT INFOTECH,"ΓΆΒ‚ΒΉ16,880/mo"
RBC,"ΓΆΒ‚ΒΉ728,063/yr"
FINOUX SOLUTIONS,"ΓΆΒ‚ΒΉ1,079,491/yr"
SQS GROUP,"ΓΆΒ‚ΒΉ32,893/mo"
INTELLIGENCE NODE,"ΓΆΒ‚ΒΉ29,084/mo"
EXCEL ENGINEERING SERVICES,"ΓΆΒ‚ΒΉ1,070/hr"
FUJITSU,"ΓΆΒ‚ΒΉ42,491/mo"
FERMION INFOTECH,"ΓΆΒ‚ΒΉ10,271/mo"
EMBEDDED TECHNOLOGY LABS,"ΓΆΒ‚ΒΉ26,375/mo"
MANNARA TECHNOLOGIES,"ΓΆΒ‚ΒΉ359,765/yr"
A2Z,"ΓΆΒ‚ΒΉ1,254,084/yr"
VXL SOFTWARE,"ΓΆΒ‚ΒΉ20,000/mo"
CNERGYIS INFOTECH INDIA,"ΓΆΒ‚ΒΉ69,530/mo"
DWELLAR SYSTEMS,"ΓΆΒ‚ΒΉ22,166/mo"
HASHTAG MEDIA,"ΓΆΒ‚ΒΉ26,580/mo"
BIR INFOSYS,"ΓΆΒ‚ΒΉ570,632/yr"
SQUARE PIXEL,"ΓΆΒ‚ΒΉ50,828/mo"
INSIDER,"ΓΆΒ‚ΒΉ1,339,636/yr"
LEAR CORPORATION,"ΓΆΒ‚ΒΉ499,187/yr"
ATCOM MOBITECH,"ΓΆΒ‚ΒΉ41,894/mo"
TP-LINK,"ΓΆΒ‚ΒΉ266,493/yr"
AION INFOSYSTEMS,"ΓΆΒ‚ΒΉ13,157/mo"
IVS CONSULTING,"ΓΆΒ‚ΒΉ25,498/mo"
INTERTEK,"ΓΆΒ‚ΒΉ883,453/yr"
SYSTUMBDI,"ΓΆΒ‚ΒΉ969,473/yr"
GIESECKE & DEVRIENT,"ΓΆΒ‚ΒΉ352,873/yr"
LINENS 'N THINGS,"ΓΆΒ‚ΒΉ684,758/yr"
PERISCOPE TECHNOLOGIES,"ΓΆΒ‚ΒΉ42,491/mo"
IMPACT GURU,"ΓΆΒ‚ΒΉ1,069,686/yr"
NSYS DESIGN SYSTEMS,"ΓΆΒ‚ΒΉ11,899/mo"
AUDITIME INFORMATION SYSTEMS,"ΓΆΒ‚ΒΉ554,210/yr"
VIDEOGRAM,"ΓΆΒ‚ΒΉ1,582,474/yr"
INSTITUTIONAL SHAREHOLDER SERVICES,"ΓΆΒ‚ΒΉ40,662/mo"
KAPLAN TEST PREP,"ΓΆΒ‚ΒΉ1,358,407/yr"
EEXPEDISE GROUP,"ΓΆΒ‚ΒΉ266,493/yr"
ABSOLUTE INFORMATION SYSTEMS,"ΓΆΒ‚ΒΉ25,498/mo"
ASTRIKA INFOTECH,"ΓΆΒ‚ΒΉ22,385/mo"
CA TECHNOLOGIES,"ΓΆΒ‚ΒΉ1,677,621/yr"
I-LINK INFOSOFT CONSULTANTS,"ΓΆΒ‚ΒΉ588,122/yr"
TECHNOWIN SOLUTIONS,"ΓΆΒ‚ΒΉ219,286/yr"
MERCE,"ΓΆΒ‚ΒΉ970,402/yr"
"ZENTECH, INC.","ΓΆΒ‚ΒΉ1,203,921/yr"
WAVE INFOTECH,"ΓΆΒ‚ΒΉ608,207/yr"
NUANCE,"ΓΆΒ‚ΒΉ3,064,250/yr"
GE AVIATION,"ΓΆΒ‚ΒΉ30,336/mo"
CHIPOTLE,"ΓΆΒ‚ΒΉ10,964/mo"
PERSONAGRAPH,"ΓΆΒ‚ΒΉ883,453/yr"
INTERACTIVE INTELLIGENCE,"ΓΆΒ‚ΒΉ1,219,133/yr"
FREELANCER,"ΓΆΒ‚ΒΉ341,111/yr"
NETSCOUT,"ΓΆΒ‚ΒΉ1,323,275/yr"
E.SOFT TECHNOLOGIES,"ΓΆΒ‚ΒΉ85,575/mo"
INTELECORP SOFTWARE,"ΓΆΒ‚ΒΉ49,371/mo"
DELMON SOLUTIONS,"ΓΆΒ‚ΒΉ31,796/mo"
MASCON GLOBAL,"ΓΆΒ‚ΒΉ506,044/yr"
TIETO,"ΓΆΒ‚ΒΉ105,498/yr"
TEMENOS,"ΓΆΒ‚ΒΉ798,884/yr"
INDIA WEBPORTAL,"ΓΆΒ‚ΒΉ904,341/yr"
ITC INFOTECH,"ΓΆΒ‚ΒΉ401,307/yr"
QUOSPHERE INFOSOLUTIONS,"ΓΆΒ‚ΒΉ746,081/yr"
ERGODE INC,"ΓΆΒ‚ΒΉ530,072/yr"
QTECH SOFTWARE,"ΓΆΒ‚ΒΉ15,248/mo"
SOFTEX,"ΓΆΒ‚ΒΉ29,924/mo"
GFI INFORMATIQUE,"ΓΆΒ‚ΒΉ664,982/yr"
RELIANCE ENERGY LIMITED,"ΓΆΒ‚ΒΉ13,157/mo"
AVVAS INFOTECH,"ΓΆΒ‚ΒΉ841,096/yr"
TENO,"ΓΆΒ‚ΒΉ662,590/yr"
ZENTECH INFO SOLUTIONS,"ΓΆΒ‚ΒΉ664,982/yr"
DATAMATICS GROUP,"ΓΆΒ‚ΒΉ37,546/mo"
MINDGATE SOLUTIONS,"ΓΆΒ‚ΒΉ37,640/mo"
SAMSUNG ELECTRONICS,"ΓΆΒ‚ΒΉ566,421/yr"
INCAENDO TECHNOLOGIES,"ΓΆΒ‚ΒΉ470,498/yr"
HINDTECH,"ΓΆΒ‚ΒΉ127,917/yr"
TRUCKOLA TECHNOLOGIES,"ΓΆΒ‚ΒΉ609,933/yr"
GRIDLOGICS,"ΓΆΒ‚ΒΉ11,083/mo"
LOCALOYE,"ΓΆΒ‚ΒΉ28,532/mo"
NAGARRO,"ΓΆΒ‚ΒΉ22,000/mo"
EXLVIS SOLUTION,"ΓΆΒ‚ΒΉ28,321/mo"
FICTION 2 FACT,"ΓΆΒ‚ΒΉ10,660/mo"
ESOFT TECHNOLOGIES,"ΓΆΒ‚ΒΉ1,211,532/yr"
PAKTOLUS,"ΓΆΒ‚ΒΉ43,857/mo"
BASE TECHNOLOGIES,"ΓΆΒ‚ΒΉ150,089/yr"
WEB I TECHNOLOGIES,"ΓΆΒ‚ΒΉ35,338/mo"
PROGRESS,"ΓΆΒ‚ΒΉ990,322/yr"
LOGITIA SOLUTIONS,"ΓΆΒ‚ΒΉ30,598/mo"
FREECHARGE,"ΓΆΒ‚ΒΉ1,049,101/yr"
CITIZEN SCALE INDIA,"ΓΆΒ‚ΒΉ27,708/mo"
EZ-XBRL SOLUTIONS,"ΓΆΒ‚ΒΉ1,114,238/yr"
SOFTENGER,"ΓΆΒ‚ΒΉ22,542/mo"
AXIS BANK,"ΓΆΒ‚ΒΉ588,122/yr"
MICRO TECHNOLOGIES (INDIA),"ΓΆΒ‚ΒΉ364,636/yr"
VIRBAC,"ΓΆΒ‚ΒΉ843,986/yr"
WELLS FARGO,"ΓΆΒ‚ΒΉ376,823/yr"
KRPO,"ΓΆΒ‚ΒΉ31,979/mo"
GRAND TETON LODGE CO.,"ΓΆΒ‚ΒΉ106,228/yr"
QUINNOX SOLUTIONS,"ΓΆΒ‚ΒΉ29,748/mo"
BLIS,"ΓΆΒ‚ΒΉ100,000/yr"
ARK TECHNOSOLUTIONS,"ΓΆΒ‚ΒΉ11,637/mo"
REACHLOCAL,"ΓΆΒ‚ΒΉ1,662,454/yr"
WISSEN INFOTECH,"ΓΆΒ‚ΒΉ1,062,283/yr"
PATH INFOTECH,"ΓΆΒ‚ΒΉ385,087/yr"
MITR LEARNING & MEDIA ΓΆΒ€Βƒ,"ΓΆΒ‚ΒΉ39,471/mo"
CMC MAGNETICS CORP,"ΓΆΒ‚ΒΉ361,821/yr"
AUXANO TECHNOLOGIES,"ΓΆΒ‚ΒΉ609,127/yr"
BALAJI SOFTWARE,"ΓΆΒ‚ΒΉ16,319/mo"
SPANIDEA,"ΓΆΒ‚ΒΉ962,718/yr"
MOBIUSO,"ΓΆΒ‚ΒΉ90,000/mo"
SYNOPSYS,"ΓΆΒ‚ΒΉ1,674,546/yr"
CREMINDS SOFTWARE & SOLUTIONS,"ΓΆΒ‚ΒΉ66,259/mo"
INDIGITAL TECHNOLOGIES,"ΓΆΒ‚ΒΉ15,248/mo"
SYNOVA,"ΓΆΒ‚ΒΉ649,735/yr"
SPORTZ INTERACTIVE,"ΓΆΒ‚ΒΉ566,421/yr"
DAFFODIL SOFTWARE,"ΓΆΒ‚ΒΉ1,764,367/yr"
AFFINITY,"ΓΆΒ‚ΒΉ436,838/yr"
INSIGHT INSIDE,"ΓΆΒ‚ΒΉ37,439/mo"
STYLABS,"ΓΆΒ‚ΒΉ1,228,000/yr"
TRIOLOGIC MEDIA SOLUTIONS,"ΓΆΒ‚ΒΉ41,169/mo"
MONTRAN,"ΓΆΒ‚ΒΉ54,821/mo"
AMBIT,"ΓΆΒ‚ΒΉ559,106/yr"
ACCOLITE,"ΓΆΒ‚ΒΉ1,141,263/yr"
FOUNTAINHEAD DIGITAL,"ΓΆΒ‚ΒΉ560,963/yr"
LYRA NETWORK,"ΓΆΒ‚ΒΉ68,574/mo"
SASKEN,"ΓΆΒ‚ΒΉ755,871/yr"
OPENTABLE,"ΓΆΒ‚ΒΉ1,984,409/yr"
SUN MICROSYSTEMS,"ΓΆΒ‚ΒΉ49,339/mo"
GROWEL SOFTECH,"ΓΆΒ‚ΒΉ34,477/mo"
HINDUJA GLOBAL SOLUTIONS,"ΓΆΒ‚ΒΉ159,110/yr"
KRISOL INFOSOFT,"ΓΆΒ‚ΒΉ197,357/yr"
WESTERN UNION,"ΓΆΒ‚ΒΉ839,453/yr"
TERA TECHNOLOGIES,"ΓΆΒ‚ΒΉ946,770/yr"
IDHASOFT,"ΓΆΒ‚ΒΉ132,900/yr"
HDFC BANK,"ΓΆΒ‚ΒΉ534,843/yr"
MAGNITUDE SOFTWARE,"ΓΆΒ‚ΒΉ1,054,983/yr"
CGI (NEVADA),"ΓΆΒ‚ΒΉ444,170/yr"
PCS TECHNOLOGY LIMITED,"ΓΆΒ‚ΒΉ38,375/mo"
HOSTWAY,"ΓΆΒ‚ΒΉ1,006,674/yr"
COLLABERA,"ΓΆΒ‚ΒΉ1,036,286/yr"
PHILIPS,"ΓΆΒ‚ΒΉ300,000/yr"
ROBONIK INDIA,"ΓΆΒ‚ΒΉ53,299/mo"
BOON INSURANCE WEB AGGREGATOR,"ΓΆΒ‚ΒΉ50,420/mo"
RACHIOTEK,"ΓΆΒ‚ΒΉ17,119/mo"
LIMRA TECHNOSYS,"ΓΆΒ‚ΒΉ15,000/mo"
CSCI CONSULTING,"ΓΆΒ‚ΒΉ334,909/yr"
SKYTECH SOLUTIONS,"ΓΆΒ‚ΒΉ1,092,095/yr"
RANJAN SAGAR,"ΓΆΒ‚ΒΉ28,037/mo"
ROLSON INFOTECH SOLUTION,"ΓΆΒ‚ΒΉ550,764/yr"
FUTURE GROUP,"ΓΆΒ‚ΒΉ1,918,749/yr"
PM AM,"ΓΆΒ‚ΒΉ187,195/yr"
ACZET,"ΓΆΒ‚ΒΉ458,970/yr"
FRESHER THAN FRESH,"ΓΆΒ‚ΒΉ498,736/yr"
INTERACTIVE BROKERS,"ΓΆΒ‚ΒΉ765,000/yr"
BOOKONSPOT TRAVEL SOLUTIONS,"ΓΆΒ‚ΒΉ159,480/yr"
MSP1 MANAGED IT SERVICES,"ΓΆΒ‚ΒΉ132,996/yr"
EXPONENTIAL SOLUTIONS & CONSULTANCY SERVICES,"ΓΆΒ‚ΒΉ180,000/yr"
PATHFINDERS,"ΓΆΒ‚ΒΉ25,482/mo"
NIMAP INFOTECH,"ΓΆΒ‚ΒΉ23,525/mo"
ASPIRE SYSTEMS,"ΓΆΒ‚ΒΉ500,000/yr"
BACELOR,"ΓΆΒ‚ΒΉ717,806/yr"
KOTAK SECURITIES,"ΓΆΒ‚ΒΉ319,791/yr"
GLOBALGYAN,"ΓΆΒ‚ΒΉ20,331/mo"
PANKANIS TECHNOLOGIES,"ΓΆΒ‚ΒΉ1,149,913/yr"
